<?xml version="1.0" encoding="UTF-8"?>
<krpano version="1.19"
        onstart="startup"
        logkey="false"
        bgcolor="#ffffff"
        projectfloorplanurl=""
        projecttitleid="project_title"
        projectdescriptionid="">


  <security cors="">
    <!--
    <crossdomainxml url="http://RESSOURCES_URL/crossdomain.xml" />
    -->
    <allowdomain domain="*" />
  </security>

  <krpano tour_firststartactiondone="false" />
  <events name="startbehavioursevents" onxmlcomplete="startbehavioursxmlcompleteaction();" keep="true"/>

  <!-- generated by Panotour Pro V2.5.7 64bits : ٢١-١٢-٢٠١٧ ٢٢-٢٤-٥٩ -->
  <!-- Plugins and Spot Styles -->
  <include url="%FIRSTXML%/FRG_skin_vr.xml"/>
  <!-- Core actions -->
  <include url="%FIRSTXML%/FRG_core_vr.xml"/>
  <!-- Tour Messages -->
  <include url="%FIRSTXML%/FRG_messages_ar.xml"/>

  <action name="startup">

    if (s !== null, if (startscene === null, set(startscene, get(s));); );
    if (startscene === null,
      set(startscene, pano22);
    );
    mainloadsceneStartup(get(startscene));
    if (h !== null,
      if (v !== null,
        if (f !== null,
          lookat(get(h), get(v), get(f));
         ,
          lookat(get(h), get(v));
        );
      ,
        if (f !== null,
          lookat(get(h), get(view.vlookat), get(f));
         ,
          lookat(get(h), get(view.vlookat));
        );
      );
    ,
      if (v !== null,
        if (f !== null,
          lookat(get(view.hlookat), get(v), get(f));
         ,
          lookat(get(view.hlookat), get(v));
        );
      ,
        if (f !== null,
          lookat(get(view.hlookat), get(view.vlookat), get(f));
        );
      );
    );
  </action>

  <!-- 2 Groups -->

  <!-- Group Group 23 : 1 panoramas -->
  

<!-- **** @PanoName="rec360" @PanoFile="D:/rec360.jpg" **** -->
<!-- **** Width="6000px" Height="3000px" **** -->
<scene name="pano22"
       heading="0"
       thumburl="%FIRSTXML%/rec360_22/thumbnail.jpg"
       backgroundsound=""
       backgroundsoundloops="0"
       haspolygons="true"
       titleid="pano22_title"
       descriptionid=""
       multires="true"
       planar="false"
       full360="true"
       video="false"
       seen="false">

    <autorotate horizon="0.000000" tofov="90.000000" waittime="1" speed="5"/>


    <panoview h="0.000000" v="0.000000" fov="90.000000" hmin="-180" hmax="180" vmin="-90" vmax="90" fovmax="90" />

    <view fisheye="0"
          limitview="range"
          hlookatmin="-180"
          hlookatmax="180"
          vlookatmin="-90"
          vlookatmax="90"
          maxpixelzoom="1.0"
          fovtype="VFOV"
          fovmax="90"
          fov="90.000000"
          hlookat="0.000000"
          vlookat="0.000000"/>

    <preview url="%FIRSTXML%/rec360_22/preview.jpg" type="CUBESTRIP" striporder="FRBLUD" />


    <image type="CUBE" multires="true" baseindex="0" tilesize="512" devices="!androidstock|webgl">
      <level tiledimagewidth="2048" tiledimageheight="2048">
          <front url="rec360_22/0/1/%v_%u.jpg"/>
          <right url="rec360_22/1/1/%v_%u.jpg"/>
          <back  url="rec360_22/2/1/%v_%u.jpg"/>
          <left  url="rec360_22/3/1/%v_%u.jpg"/>
          <up    url="rec360_22/4/1/%v_%u.jpg"/>
          <down  url="rec360_22/5/1/%v_%u.jpg"/>
      </level>
      <level tiledimagewidth="1024" tiledimageheight="1024">
          <front url="rec360_22/0/0/%v_%u.jpg"/>
          <right url="rec360_22/1/0/%v_%u.jpg"/>
          <back  url="rec360_22/2/0/%v_%u.jpg"/>
          <left  url="rec360_22/3/0/%v_%u.jpg"/>
          <up    url="rec360_22/4/0/%v_%u.jpg"/>
          <down  url="rec360_22/5/0/%v_%u.jpg"/>
      </level>
    </image>
      <image type="CUBE" devices="androidstock.and.no-webgl">
        <front url="rec360_22/mobile/0.jpg"/>
        <right url="rec360_22/mobile/1.jpg"/>
        <back  url="rec360_22/mobile/2.jpg"/>
        <left  url="rec360_22/mobile/3.jpg"/>
        <up    url="rec360_22/mobile/4.jpg"/>
        <down  url="rec360_22/mobile/5.jpg"/>
      </image>




  <!-- **** 1 Polygonal Spots **** -->



    <hotspot name="spotpolygon24"
             ath="156.407976" atv="3.839593"
             style="IconLoadpanorama"
             tag="point"
             distorted="true"
             depth="1000"
             descriptionid=""
             onclick="onclickspotpolygon24"
             tooltip="spotpolygon24_tooltip"
             />
    <hotspot name="spotpolygon24" devices="flash" zorder="3"/>
    <hotspot name="spotpolygon24" devices="html5" zorder="3" zorder2="1"/>


  <action name="onclickspotpolygon24">
  
        mainloadscene(pano25);


  </action>


  <action name="hidepanopolygonalspots">
    set(hotspot[spotpolygon24].visible, false);
  </action>
  <action name="showpanopolygonalspots">
    set(hotspot[spotpolygon24].visible, true);
  </action>
  <action name="removepanopolygonalspots">
    removehotspot(spotpolygon24);
  </action>






  <action name="showpanospotsaction">
    if (tour_displayspots,




    showpanopolygonalspots();
    );
  </action>
  <action name="hidepanospotsaction">




    hidepanopolygonalspots();
  </action>

  <action name="setzorder2onstandardspots">
    if (device.html5,
      ifnot (device.desktop,

        set(hotspot[spotpolygon24].zorder2, %1);


      );
    );
  </action>


</scene>


  <!-- Group Group 26 : 1 panoramas -->
  

<!-- **** @PanoName="e" @PanoFile="C:/Users/M/Desktop/e.jpg" **** -->
<!-- **** Width="1500px" Height="750px" **** -->
<scene name="pano25"
       heading="0"
       thumburl="%FIRSTXML%/e_25/thumbnail.jpg"
       backgroundsound=""
       backgroundsoundloops="0"
       haspolygons="false"
       titleid="pano25_title"
       descriptionid=""
       multires="true"
       planar="false"
       full360="true"
       video="false"
       seen="false">

    <autorotate horizon="0.000000" tofov="90.000000" waittime="1" speed="5"/>


    <panoview h="0.000000" v="0.000000" fov="90.000000" hmin="-180" hmax="180" vmin="-90" vmax="90" fovmax="90" />

    <view fisheye="0"
          limitview="range"
          hlookatmin="-180"
          hlookatmax="180"
          vlookatmin="-90"
          vlookatmax="90"
          maxpixelzoom="1.0"
          fovtype="VFOV"
          fovmax="90"
          fov="90.000000"
          hlookat="0.000000"
          vlookat="0.000000"/>

    <preview url="%FIRSTXML%/e_25/preview.jpg" type="CUBESTRIP" striporder="FRBLUD" />


    <image type="CUBE" multires="true" baseindex="0" tilesize="512" devices="!androidstock|webgl">
      <level tiledimagewidth="512" tiledimageheight="512">
          <front url="e_25/0/0/%v_%u.jpg"/>
          <right url="e_25/1/0/%v_%u.jpg"/>
          <back  url="e_25/2/0/%v_%u.jpg"/>
          <left  url="e_25/3/0/%v_%u.jpg"/>
          <up    url="e_25/4/0/%v_%u.jpg"/>
          <down  url="e_25/5/0/%v_%u.jpg"/>
      </level>
    </image>
      <image type="CUBE" devices="androidstock.and.no-webgl">
        <front url="e_25/mobile/0.jpg"/>
        <right url="e_25/mobile/1.jpg"/>
        <back  url="e_25/mobile/2.jpg"/>
        <left  url="e_25/mobile/3.jpg"/>
        <up    url="e_25/mobile/4.jpg"/>
        <down  url="e_25/mobile/5.jpg"/>
      </image>








  <action name="setzorder2onstandardspots">
    if (device.html5,
      ifnot (device.desktop,


      );
    );
  </action>


</scene>


  <krpano nofullspherepanoavailable="false" />



</krpano>

